"filename", "language", "JSON", "HTML", "PostCSS", "JavaScript", "PHP", "YAML", "Shell Script", "Markdown", "XML", "Docker", "comment", "blank", "total"
"c:\Users\Eetu\OneDrive - Hyria koulutus Oy\Documents\GitHub\riffhub\asiakaspalvelu.html", "HTML", 0, 65, 0, 0, 0, 0, 0, 0, 0, 0, 2, 14, 81
"c:\Users\Eetu\OneDrive - Hyria koulutus Oy\Documents\GitHub\riffhub\cart.html", "HTML", 0, 25, 0, 0, 0, 0, 0, 0, 0, 0, 1, 9, 35
"c:\Users\Eetu\OneDrive - Hyria koulutus Oy\Documents\GitHub\riffhub\checkout.html", "HTML", 0, -14, 0, 0, 0, 0, 0, 0, 0, 0, 0, -2, -16
"c:\Users\Eetu\OneDrive - Hyria koulutus Oy\Documents\GitHub\riffhub\composer.json", "JSON", 15, 0, 0, 0, 0, 0, 0, 0, 0, 0, 0, 1, 16
"c:\Users\Eetu\OneDrive - Hyria koulutus Oy\Documents\GitHub\riffhub\composer.lock", "JSON", 101, 0, 0, 0, 0, 0, 0, 0, 0, 0, 0, 1, 102
"c:\Users\Eetu\OneDrive - Hyria koulutus Oy\Documents\GitHub\riffhub\fanituotteet.html", "HTML", 0, 24, 0, 0, 0, 0, 0, 0, 0, 0, 1, 9, 34
"c:\Users\Eetu\OneDrive - Hyria koulutus Oy\Documents\GitHub\riffhub\index.html", "HTML", 0, 52, 0, 0, 0, 0, 0, 0, 0, 0, 6, 19, 77
"c:\Users\Eetu\OneDrive - Hyria koulutus Oy\Documents\GitHub\riffhub\kielet_ja_tarvikkeet.html", "HTML", 0, 24, 0, 0, 0, 0, 0, 0, 0, 0, 1, 9, 34
"c:\Users\Eetu\OneDrive - Hyria koulutus Oy\Documents\GitHub\riffhub\kitarat.html", "HTML", 0, 24, 0, 0, 0, 0, 0, 0, 0, 0, 1, 9, 34
"c:\Users\Eetu\OneDrive - Hyria koulutus Oy\Documents\GitHub\riffhub\script.js", "JavaScript", 0, 0, 0, 29, 0, 0, 0, 0, 0, 0, 2, 14, 45
"c:\Users\Eetu\OneDrive - Hyria koulutus Oy\Documents\GitHub\riffhub\send_confirmation.php", "PHP", 0, 0, 0, 0, 99, 0, 0, 0, 0, 0, 15, 28, 142
"c:\Users\Eetu\OneDrive - Hyria koulutus Oy\Documents\GitHub\riffhub\side.css", "PostCSS", 0, 0, 29, 0, 0, 0, 0, 0, 0, 0, 5, 5, 39
"c:\Users\Eetu\OneDrive - Hyria koulutus Oy\Documents\GitHub\riffhub\styles.css", "PostCSS", 0, 0, 32, 0, 0, 0, 0, 0, 0, 0, 5, 7, 44
"c:\Users\Eetu\OneDrive - Hyria koulutus Oy\Documents\GitHub\riffhub\toimitustiedot.html", "HTML", 0, 65, 0, 0, 0, 0, 0, 0, 0, 0, 2, 16, 83
"c:\Users\Eetu\OneDrive - Hyria koulutus Oy\Documents\GitHub\riffhub\vahvistimet_ja_aanentoistolaitteet.html", "HTML", 0, 24, 0, 0, 0, 0, 0, 0, 0, 0, 1, 9, 34
"c:\Users\Eetu\OneDrive - Hyria koulutus Oy\Documents\GitHub\riffhub\vendor\autoload.php", "PHP", 0, 0, 0, 0, 17, 0, 0, 0, 0, 0, 1, 5, 23
"c:\Users\Eetu\OneDrive - Hyria koulutus Oy\Documents\GitHub\riffhub\vendor\composer\ClassLoader.php", "PHP", 0, 0, 0, 0, 286, 0, 0, 0, 0, 0, 235, 59, 580
"c:\Users\Eetu\OneDrive - Hyria koulutus Oy\Documents\GitHub\riffhub\vendor\composer\InstalledVersions.php", "PHP", 0, 0, 0, 0, 196, 0, 0, 0, 0, 0, 147, 54, 397
"c:\Users\Eetu\OneDrive - Hyria koulutus Oy\Documents\GitHub\riffhub\vendor\composer\autoload_classmap.php", "PHP", 0, 0, 0, 0, 6, 0, 0, 0, 0, 0, 1, 4, 11
"c:\Users\Eetu\OneDrive - Hyria koulutus Oy\Documents\GitHub\riffhub\vendor\composer\autoload_namespaces.php", "PHP", 0, 0, 0, 0, 5, 0, 0, 0, 0, 0, 1, 4, 10
"c:\Users\Eetu\OneDrive - Hyria koulutus Oy\Documents\GitHub\riffhub\vendor\composer\autoload_psr4.php", "PHP", 0, 0, 0, 0, 7, 0, 0, 0, 0, 0, 1, 4, 12
"c:\Users\Eetu\OneDrive - Hyria koulutus Oy\Documents\GitHub\riffhub\vendor\composer\autoload_real.php", "PHP", 0, 0, 0, 0, 25, 0, 0, 0, 0, 0, 4, 10, 39
"c:\Users\Eetu\OneDrive - Hyria koulutus Oy\Documents\GitHub\riffhub\vendor\composer\autoload_static.php", "PHP", 0, 0, 0, 0, 36, 0, 0, 0, 0, 0, 1, 8, 45
"c:\Users\Eetu\OneDrive - Hyria koulutus Oy\Documents\GitHub\riffhub\vendor\composer\installed.json", "JSON", 91, 0, 0, 0, 0, 0, 0, 0, 0, 0, 0, 1, 92
"c:\Users\Eetu\OneDrive - Hyria koulutus Oy\Documents\GitHub\riffhub\vendor\composer\installed.php", "PHP", 0, 0, 0, 0, 32, 0, 0, 0, 0, 0, 0, 1, 33
"c:\Users\Eetu\OneDrive - Hyria koulutus Oy\Documents\GitHub\riffhub\vendor\composer\platform_check.php", "PHP", 0, 0, 0, 0, 20, 0, 0, 0, 0, 0, 1, 5, 26
"c:\Users\Eetu\OneDrive - Hyria koulutus Oy\Documents\GitHub\riffhub\vendor\phpmailer\phpmailer\.codecov.yml", "YAML", 0, 0, 0, 0, 0, 18, 0, 0, 0, 0, 1, 3, 22
"c:\Users\Eetu\OneDrive - Hyria koulutus Oy\Documents\GitHub\riffhub\vendor\phpmailer\phpmailer\.github\FUNDING.yml", "YAML", 0, 0, 0, 0, 0, 4, 0, 0, 0, 0, 1, 2, 7
"c:\Users\Eetu\OneDrive - Hyria koulutus Oy\Documents\GitHub\riffhub\vendor\phpmailer\phpmailer\.github\ISSUE_TEMPLATE\bug_report.md", "Markdown", 0, 0, 0, 0, 0, 0, 0, 17, 0, 0, 0, 7, 24
"c:\Users\Eetu\OneDrive - Hyria koulutus Oy\Documents\GitHub\riffhub\vendor\phpmailer\phpmailer\.github\actions\build-docs\Dockerfile", "Docker", 0, 0, 0, 0, 0, 0, 0, 0, 0, 9, 1, 6, 16
"c:\Users\Eetu\OneDrive - Hyria koulutus Oy\Documents\GitHub\riffhub\vendor\phpmailer\phpmailer\.github\actions\build-docs\entrypoint.sh", "Shell Script", 0, 0, 0, 0, 0, 0, 2, 0, 0, 0, 1, 3, 6
"c:\Users\Eetu\OneDrive - Hyria koulutus Oy\Documents\GitHub\riffhub\vendor\phpmailer\phpmailer\.github\dependabot.yml", "YAML", 0, 0, 0, 0, 0, 15, 0, 0, 0, 0, 4, 2, 21
"c:\Users\Eetu\OneDrive - Hyria koulutus Oy\Documents\GitHub\riffhub\vendor\phpmailer\phpmailer\.github\workflows\docs.yaml", "YAML", 0, 0, 0, 0, 0, 29, 0, 0, 0, 0, 0, 2, 31
"c:\Users\Eetu\OneDrive - Hyria koulutus Oy\Documents\GitHub\riffhub\vendor\phpmailer\phpmailer\.github\workflows\scorecards.yml", "YAML", 0, 0, 0, 0, 0, 37, 0, 0, 0, 0, 15, 10, 62
"c:\Users\Eetu\OneDrive - Hyria koulutus Oy\Documents\GitHub\riffhub\vendor\phpmailer\phpmailer\.github\workflows\tests.yml", "YAML", 0, 0, 0, 0, 0, 173, 0, 0, 0, 0, 31, 34, 238
"c:\Users\Eetu\OneDrive - Hyria koulutus Oy\Documents\GitHub\riffhub\vendor\phpmailer\phpmailer\.phan\config.php", "PHP", 0, 0, 0, 0, 13, 0, 0, 0, 0, 0, 23, 6, 42
"c:\Users\Eetu\OneDrive - Hyria koulutus Oy\Documents\GitHub\riffhub\vendor\phpmailer\phpmailer\README.md", "Markdown", 0, 0, 0, 0, 0, 0, 0, 169, 0, 0, 0, 64, 233
"c:\Users\Eetu\OneDrive - Hyria koulutus Oy\Documents\GitHub\riffhub\vendor\phpmailer\phpmailer\SECURITY.md", "Markdown", 0, 0, 0, 0, 0, 0, 0, 19, 0, 0, 0, 19, 38
"c:\Users\Eetu\OneDrive - Hyria koulutus Oy\Documents\GitHub\riffhub\vendor\phpmailer\phpmailer\SMTPUTF8.md", "Markdown", 0, 0, 0, 0, 0, 0, 0, 27, 0, 0, 0, 22, 49
"c:\Users\Eetu\OneDrive - Hyria koulutus Oy\Documents\GitHub\riffhub\vendor\phpmailer\phpmailer\UPGRADING.md", "Markdown", 0, 0, 0, 0, 0, 0, 0, 99, 0, 0, 0, 27, 126
"c:\Users\Eetu\OneDrive - Hyria koulutus Oy\Documents\GitHub\riffhub\vendor\phpmailer\phpmailer\changelog.md", "Markdown", 0, 0, 0, 0, 0, 0, 0, 976, 0, 0, 0, 129, 1105
"c:\Users\Eetu\OneDrive - Hyria koulutus Oy\Documents\GitHub\riffhub\vendor\phpmailer\phpmailer\composer.json", "JSON", 82, 0, 0, 0, 0, 0, 0, 0, 0, 0, 0, 1, 83
"c:\Users\Eetu\OneDrive - Hyria koulutus Oy\Documents\GitHub\riffhub\vendor\phpmailer\phpmailer\docs\README.md", "Markdown", 0, 0, 0, 0, 0, 0, 0, 5, 0, 0, 0, 4, 9
"c:\Users\Eetu\OneDrive - Hyria koulutus Oy\Documents\GitHub\riffhub\vendor\phpmailer\phpmailer\examples\README.md", "Markdown", 0, 0, 0, 0, 0, 0, 0, 53, 0, 0, 0, 44, 97
"c:\Users\Eetu\OneDrive - Hyria koulutus Oy\Documents\GitHub\riffhub\vendor\phpmailer\phpmailer\examples\contents.html", "HTML", 0, 17, 0, 0, 0, 0, 0, 0, 0, 0, 0, 1, 18
"c:\Users\Eetu\OneDrive - Hyria koulutus Oy\Documents\GitHub\riffhub\vendor\phpmailer\phpmailer\examples\contentsutf8.html", "HTML", 0, 23, 0, 0, 0, 0, 0, 0, 0, 0, 0, 1, 24
"c:\Users\Eetu\OneDrive - Hyria koulutus Oy\Documents\GitHub\riffhub\vendor\phpmailer\phpmailer\examples\images\PHPMailer card logo.svg", "XML", 0, 0, 0, 0, 0, 0, 0, 0, 209, 0, 0, 1, 210
"c:\Users\Eetu\OneDrive - Hyria koulutus Oy\Documents\GitHub\riffhub\vendor\phpmailer\phpmailer\get_oauth_token.php", "PHP", 0, 0, 0, 0, 117, 0, 0, 0, 0, 0, 48, 18, 183
"c:\Users\Eetu\OneDrive - Hyria koulutus Oy\Documents\GitHub\riffhub\vendor\phpmailer\phpmailer\language\phpmailer.lang-af.php", "PHP", 0, 0, 0, 0, 20, 0, 0, 0, 0, 0, 4, 3, 27
"c:\Users\Eetu\OneDrive - Hyria koulutus Oy\Documents\GitHub\riffhub\vendor\phpmailer\phpmailer\language\phpmailer.lang-ar.php", "PHP", 0, 0, 0, 0, 20, 0, 0, 0, 0, 0, 5, 3, 28
"c:\Users\Eetu\OneDrive - Hyria koulutus Oy\Documents\GitHub\riffhub\vendor\phpmailer\phpmailer\language\phpmailer.lang-as.php", "PHP", 0, 0, 0, 0, 28, 0, 0, 0, 0, 0, 5, 3, 36
"c:\Users\Eetu\OneDrive - Hyria koulutus Oy\Documents\GitHub\riffhub\vendor\phpmailer\phpmailer\language\phpmailer.lang-az.php", "PHP", 0, 0, 0, 0, 19, 0, 0, 0, 0, 0, 6, 3, 28
"c:\Users\Eetu\OneDrive - Hyria koulutus Oy\Documents\GitHub\riffhub\vendor\phpmailer\phpmailer\language\phpmailer.lang-ba.php", "PHP", 0, 0, 0, 0, 20, 0, 0, 0, 0, 0, 5, 3, 28
"c:\Users\Eetu\OneDrive - Hyria koulutus Oy\Documents\GitHub\riffhub\vendor\phpmailer\phpmailer\language\phpmailer.lang-be.php", "PHP", 0, 0, 0, 0, 19, 0, 0, 0, 0, 0, 6, 3, 28
"c:\Users\Eetu\OneDrive - Hyria koulutus Oy\Documents\GitHub\riffhub\vendor\phpmailer\phpmailer\language\phpmailer.lang-bg.php", "PHP", 0, 0, 0, 0, 20, 0, 0, 0, 0, 0, 5, 3, 28
"c:\Users\Eetu\OneDrive - Hyria koulutus Oy\Documents\GitHub\riffhub\vendor\phpmailer\phpmailer\language\phpmailer.lang-bn.php", "PHP", 0, 0, 0, 0, 28, 0, 0, 0, 0, 0, 5, 3, 36
"c:\Users\Eetu\OneDrive - Hyria koulutus Oy\Documents\GitHub\riffhub\vendor\phpmailer\phpmailer\language\phpmailer.lang-ca.php", "PHP", 0, 0, 0, 0, 19, 0, 0, 0, 0, 0, 6, 3, 28
"c:\Users\Eetu\OneDrive - Hyria koulutus Oy\Documents\GitHub\riffhub\vendor\phpmailer\phpmailer\language\phpmailer.lang-cs.php", "PHP", 0, 0, 0, 0, 22, 0, 0, 0, 0, 0, 4, 3, 29
"c:\Users\Eetu\OneDrive - Hyria koulutus Oy\Documents\GitHub\riffhub\vendor\phpmailer\phpmailer\language\phpmailer.lang-da.php", "PHP", 0, 0, 0, 0, 27, 0, 0, 0, 0, 0, 7, 3, 37
"c:\Users\Eetu\OneDrive - Hyria koulutus Oy\Documents\GitHub\riffhub\vendor\phpmailer\phpmailer\language\phpmailer.lang-de.php", "PHP", 0, 0, 0, 0, 22, 0, 0, 0, 0, 0, 4, 3, 29
"c:\Users\Eetu\OneDrive - Hyria koulutus Oy\Documents\GitHub\riffhub\vendor\phpmailer\phpmailer\language\phpmailer.lang-el.php", "PHP", 0, 0, 0, 0, 27, 0, 0, 0, 0, 0, 4, 3, 34
"c:\Users\Eetu\OneDrive - Hyria koulutus Oy\Documents\GitHub\riffhub\vendor\phpmailer\phpmailer\language\phpmailer.lang-eo.php", "PHP", 0, 0, 0, 0, 20, 0, 0, 0, 0, 0, 4, 3, 27
"c:\Users\Eetu\OneDrive - Hyria koulutus Oy\Documents\GitHub\riffhub\vendor\phpmailer\phpmailer\language\phpmailer.lang-es.php", "PHP", 0, 0, 0, 0, 29, 0, 0, 0, 0, 0, 7, 3, 39
"c:\Users\Eetu\OneDrive - Hyria koulutus Oy\Documents\GitHub\riffhub\vendor\phpmailer\phpmailer\language\phpmailer.lang-et.php", "PHP", 0, 0, 0, 0, 20, 0, 0, 0, 0, 0, 6, 3, 29
"c:\Users\Eetu\OneDrive - Hyria koulutus Oy\Documents\GitHub\riffhub\vendor\phpmailer\phpmailer\language\phpmailer.lang-fa.php", "PHP", 0, 0, 0, 0, 20, 0, 0, 0, 0, 0, 6, 3, 29
"c:\Users\Eetu\OneDrive - Hyria koulutus Oy\Documents\GitHub\riffhub\vendor\phpmailer\phpmailer\language\phpmailer.lang-fi.php", "PHP", 0, 0, 0, 0, 13, 0, 0, 0, 0, 0, 12, 3, 28
"c:\Users\Eetu\OneDrive - Hyria koulutus Oy\Documents\GitHub\riffhub\vendor\phpmailer\phpmailer\language\phpmailer.lang-fo.php", "PHP", 0, 0, 0, 0, 13, 0, 0, 0, 0, 0, 12, 3, 28
"c:\Users\Eetu\OneDrive - Hyria koulutus Oy\Documents\GitHub\riffhub\vendor\phpmailer\phpmailer\language\phpmailer.lang-fr.php", "PHP", 0, 0, 0, 0, 27, 0, 0, 0, 0, 0, 7, 3, 37
"c:\Users\Eetu\OneDrive - Hyria koulutus Oy\Documents\GitHub\riffhub\vendor\phpmailer\phpmailer\language\phpmailer.lang-gl.php", "PHP", 0, 0, 0, 0, 19, 0, 0, 0, 0, 0, 6, 3, 28
"c:\Users\Eetu\OneDrive - Hyria koulutus Oy\Documents\GitHub\riffhub\vendor\phpmailer\phpmailer\language\phpmailer.lang-he.php", "PHP", 0, 0, 0, 0, 19, 0, 0, 0, 0, 0, 6, 3, 28
"c:\Users\Eetu\OneDrive - Hyria koulutus Oy\Documents\GitHub\riffhub\vendor\phpmailer\phpmailer\language\phpmailer.lang-hi.php", "PHP", 0, 0, 0, 0, 27, 0, 0, 0, 0, 0, 6, 3, 36
"c:\Users\Eetu\OneDrive - Hyria koulutus Oy\Documents\GitHub\riffhub\vendor\phpmailer\phpmailer\language\phpmailer.lang-hr.php", "PHP", 0, 0, 0, 0, 20, 0, 0, 0, 0, 0, 5, 3, 28
"c:\Users\Eetu\OneDrive - Hyria koulutus Oy\Documents\GitHub\riffhub\vendor\phpmailer\phpmailer\language\phpmailer.lang-hu.php", "PHP", 0, 0, 0, 0, 20, 0, 0, 0, 0, 0, 5, 3, 28
"c:\Users\Eetu\OneDrive - Hyria koulutus Oy\Documents\GitHub\riffhub\vendor\phpmailer\phpmailer\language\phpmailer.lang-hy.php", "PHP", 0, 0, 0, 0, 20, 0, 0, 0, 0, 0, 5, 3, 28
"c:\Users\Eetu\OneDrive - Hyria koulutus Oy\Documents\GitHub\riffhub\vendor\phpmailer\phpmailer\language\phpmailer.lang-id.php", "PHP", 0, 0, 0, 0, 22, 0, 0, 0, 0, 0, 7, 3, 32
"c:\Users\Eetu\OneDrive - Hyria koulutus Oy\Documents\GitHub\riffhub\vendor\phpmailer\phpmailer\language\phpmailer.lang-it.php", "PHP", 0, 0, 0, 0, 20, 0, 0, 0, 0, 0, 6, 3, 29
"c:\Users\Eetu\OneDrive - Hyria koulutus Oy\Documents\GitHub\riffhub\vendor\phpmailer\phpmailer\language\phpmailer.lang-ja.php", "PHP", 0, 0, 0, 0, 27, 0, 0, 0, 0, 0, 8, 3, 38
"c:\Users\Eetu\OneDrive - Hyria koulutus Oy\Documents\GitHub\riffhub\vendor\phpmailer\phpmailer\language\phpmailer.lang-ka.php", "PHP", 0, 0, 0, 0, 20, 0, 0, 0, 0, 0, 5, 3, 28
"c:\Users\Eetu\OneDrive - Hyria koulutus Oy\Documents\GitHub\riffhub\vendor\phpmailer\phpmailer\language\phpmailer.lang-ko.php", "PHP", 0, 0, 0, 0, 20, 0, 0, 0, 0, 0, 5, 3, 28
"c:\Users\Eetu\OneDrive - Hyria koulutus Oy\Documents\GitHub\riffhub\vendor\phpmailer\phpmailer\language\phpmailer.lang-ku.php", "PHP", 0, 0, 0, 0, 20, 0, 0, 0, 0, 0, 5, 3, 28
"c:\Users\Eetu\OneDrive - Hyria koulutus Oy\Documents\GitHub\riffhub\vendor\phpmailer\phpmailer\language\phpmailer.lang-lt.php", "PHP", 0, 0, 0, 0, 19, 0, 0, 0, 0, 0, 6, 3, 28
"c:\Users\Eetu\OneDrive - Hyria koulutus Oy\Documents\GitHub\riffhub\vendor\phpmailer\phpmailer\language\phpmailer.lang-lv.php", "PHP", 0, 0, 0, 0, 19, 0, 0, 0, 0, 0, 6, 3, 28
"c:\Users\Eetu\OneDrive - Hyria koulutus Oy\Documents\GitHub\riffhub\vendor\phpmailer\phpmailer\language\phpmailer.lang-mg.php", "PHP", 0, 0, 0, 0, 20, 0, 0, 0, 0, 0, 5, 3, 28
"c:\Users\Eetu\OneDrive - Hyria koulutus Oy\Documents\GitHub\riffhub\vendor\phpmailer\phpmailer\language\phpmailer.lang-mn.php", "PHP", 0, 0, 0, 0, 20, 0, 0, 0, 0, 0, 5, 3, 28
"c:\Users\Eetu\OneDrive - Hyria koulutus Oy\Documents\GitHub\riffhub\vendor\phpmailer\phpmailer\language\phpmailer.lang-ms.php", "PHP", 0, 0, 0, 0, 20, 0, 0, 0, 0, 0, 5, 3, 28
"c:\Users\Eetu\OneDrive - Hyria koulutus Oy\Documents\GitHub\riffhub\vendor\phpmailer\phpmailer\language\phpmailer.lang-nb.php", "PHP", 0, 0, 0, 0, 27, 0, 0, 0, 0, 0, 4, 3, 34
"c:\Users\Eetu\OneDrive - Hyria koulutus Oy\Documents\GitHub\riffhub\vendor\phpmailer\phpmailer\language\phpmailer.lang-nl.php", "PHP", 0, 0, 0, 0, 27, 0, 0, 0, 0, 0, 5, 3, 35
"c:\Users\Eetu\OneDrive - Hyria koulutus Oy\Documents\GitHub\riffhub\vendor\phpmailer\phpmailer\language\phpmailer.lang-pl.php", "PHP", 0, 0, 0, 0, 27, 0, 0, 0, 0, 0, 4, 3, 34
"c:\Users\Eetu\OneDrive - Hyria koulutus Oy\Documents\GitHub\riffhub\vendor\phpmailer\phpmailer\language\phpmailer.lang-pt.php", "PHP", 0, 0, 0, 0, 27, 0, 0, 0, 0, 0, 5, 3, 35
"c:\Users\Eetu\OneDrive - Hyria koulutus Oy\Documents\GitHub\riffhub\vendor\phpmailer\phpmailer\language\phpmailer.lang-pt_br.php", "PHP", 0, 0, 0, 0, 27, 0, 0, 0, 0, 0, 9, 3, 39
"c:\Users\Eetu\OneDrive - Hyria koulutus Oy\Documents\GitHub\riffhub\vendor\phpmailer\phpmailer\language\phpmailer.lang-ro.php", "PHP", 0, 0, 0, 0, 27, 0, 0, 0, 0, 0, 4, 3, 34
"c:\Users\Eetu\OneDrive - Hyria koulutus Oy\Documents\GitHub\riffhub\vendor\phpmailer\phpmailer\language\phpmailer.lang-ru.php", "PHP", 0, 0, 0, 0, 27, 0, 0, 0, 0, 0, 7, 3, 37
"c:\Users\Eetu\OneDrive - Hyria koulutus Oy\Documents\GitHub\riffhub\vendor\phpmailer\phpmailer\language\phpmailer.lang-si.php", "PHP", 0, 0, 0, 0, 27, 0, 0, 0, 0, 0, 5, 3, 35
"c:\Users\Eetu\OneDrive - Hyria koulutus Oy\Documents\GitHub\riffhub\vendor\phpmailer\phpmailer\language\phpmailer.lang-sk.php", "PHP", 0, 0, 0, 0, 22, 0, 0, 0, 0, 0, 6, 3, 31
"c:\Users\Eetu\OneDrive - Hyria koulutus Oy\Documents\GitHub\riffhub\vendor\phpmailer\phpmailer\language\phpmailer.lang-sl.php", "PHP", 0, 0, 0, 0, 27, 0, 0, 0, 0, 0, 7, 3, 37
"c:\Users\Eetu\OneDrive - Hyria koulutus Oy\Documents\GitHub\riffhub\vendor\phpmailer\phpmailer\language\phpmailer.lang-sr.php", "PHP", 0, 0, 0, 0, 20, 0, 0, 0, 0, 0, 6, 3, 29
"c:\Users\Eetu\OneDrive - Hyria koulutus Oy\Documents\GitHub\riffhub\vendor\phpmailer\phpmailer\language\phpmailer.lang-sr_latn.php", "PHP", 0, 0, 0, 0, 20, 0, 0, 0, 0, 0, 6, 3, 29
"c:\Users\Eetu\OneDrive - Hyria koulutus Oy\Documents\GitHub\riffhub\vendor\phpmailer\phpmailer\language\phpmailer.lang-sv.php", "PHP", 0, 0, 0, 0, 19, 0, 0, 0, 0, 0, 6, 3, 28
"c:\Users\Eetu\OneDrive - Hyria koulutus Oy\Documents\GitHub\riffhub\vendor\phpmailer\phpmailer\language\phpmailer.lang-tl.php", "PHP", 0, 0, 0, 0, 20, 0, 0, 0, 0, 0, 6, 3, 29
"c:\Users\Eetu\OneDrive - Hyria koulutus Oy\Documents\GitHub\riffhub\vendor\phpmailer\phpmailer\language\phpmailer.lang-tr.php", "PHP", 0, 0, 0, 0, 27, 0, 0, 0, 0, 0, 9, 3, 39
"c:\Users\Eetu\OneDrive - Hyria koulutus Oy\Documents\GitHub\riffhub\vendor\phpmailer\phpmailer\language\phpmailer.lang-uk.php", "PHP", 0, 0, 0, 0, 20, 0, 0, 0, 0, 0, 6, 3, 29
"c:\Users\Eetu\OneDrive - Hyria koulutus Oy\Documents\GitHub\riffhub\vendor\phpmailer\phpmailer\language\phpmailer.lang-ur.php", "PHP", 0, 0, 0, 0, 23, 0, 0, 0, 0, 0, 5, 3, 31
"c:\Users\Eetu\OneDrive - Hyria koulutus Oy\Documents\GitHub\riffhub\vendor\phpmailer\phpmailer\language\phpmailer.lang-vi.php", "PHP", 0, 0, 0, 0, 19, 0, 0, 0, 0, 0, 6, 3, 28
"c:\Users\Eetu\OneDrive - Hyria koulutus Oy\Documents\GitHub\riffhub\vendor\phpmailer\phpmailer\language\phpmailer.lang-zh.php", "PHP", 0, 0, 0, 0, 20, 0, 0, 0, 0, 0, 7, 3, 30
"c:\Users\Eetu\OneDrive - Hyria koulutus Oy\Documents\GitHub\riffhub\vendor\phpmailer\phpmailer\language\phpmailer.lang-zh_cn.php", "PHP", 0, 0, 0, 0, 27, 0, 0, 0, 0, 0, 7, 3, 37
"c:\Users\Eetu\OneDrive - Hyria koulutus Oy\Documents\GitHub\riffhub\vendor\phpmailer\phpmailer\phpdoc.dist.xml", "XML", 0, 0, 0, 0, 0, 0, 0, 0, 20, 0, 0, 1, 21
"c:\Users\Eetu\OneDrive - Hyria koulutus Oy\Documents\GitHub\riffhub\vendor\phpmailer\phpmailer\src\DSNConfigurator.php", "PHP", 0, 0, 0, 0, 136, 0, 0, 0, 0, 0, 80, 30, 246
"c:\Users\Eetu\OneDrive - Hyria koulutus Oy\Documents\GitHub\riffhub\vendor\phpmailer\phpmailer\src\Exception.php", "PHP", 0, 0, 0, 0, 9, 0, 0, 0, 0, 0, 28, 4, 41
"c:\Users\Eetu\OneDrive - Hyria koulutus Oy\Documents\GitHub\riffhub\vendor\phpmailer\phpmailer\src\OAuth.php", "PHP", 0, 0, 0, 0, 46, 0, 0, 0, 0, 0, 79, 15, 140
"c:\Users\Eetu\OneDrive - Hyria koulutus Oy\Documents\GitHub\riffhub\vendor\phpmailer\phpmailer\src\OAuthTokenProvider.php", "PHP", 0, 0, 0, 0, 6, 0, 0, 0, 0, 0, 35, 4, 45
"c:\Users\Eetu\OneDrive - Hyria koulutus Oy\Documents\GitHub\riffhub\vendor\phpmailer\phpmailer\src\PHPMailer.php", "PHP", 0, 0, 0, 0, 3041, 0, 0, 0, 0, 0, 2011, 409, 5461
"c:\Users\Eetu\OneDrive - Hyria koulutus Oy\Documents\GitHub\riffhub\vendor\phpmailer\phpmailer\src\POP3.php", "PHP", 0, 0, 0, 0, 183, 0, 0, 0, 0, 0, 234, 53, 470
"c:\Users\Eetu\OneDrive - Hyria koulutus Oy\Documents\GitHub\riffhub\vendor\phpmailer\phpmailer\src\SMTP.php", "PHP", 0, 0, 0, 0, 783, 0, 0, 0, 0, 0, 660, 146, 1589
"c:\Users\Eetu\OneDrive - Hyria koulutus Oy\Documents\GitHub\riffhub\vendor\phpmailer\phpmailer\test\DebugLogTestListener.php", "PHP", 0, 0, 0, 0, 25, 0, 0, 0, 0, 0, 13, 10, 48
"c:\Users\Eetu\OneDrive - Hyria koulutus Oy\Documents\GitHub\riffhub\vendor\phpmailer\phpmailer\test\Fixtures\LocalizationTest\phpmailer.lang-fr.php", "PHP", 0, 0, 0, 0, 2, 0, 0, 0, 0, 0, 6, 3, 11
"c:\Users\Eetu\OneDrive - Hyria koulutus Oy\Documents\GitHub\riffhub\vendor\phpmailer\phpmailer\test\Fixtures\LocalizationTest\phpmailer.lang-nl.php", "PHP", 0, 0, 0, 0, 2, 0, 0, 0, 0, 0, 6, 3, 11
"c:\Users\Eetu\OneDrive - Hyria koulutus Oy\Documents\GitHub\riffhub\vendor\phpmailer\phpmailer\test\Fixtures\LocalizationTest\phpmailer.lang-xa_scri_cc.php", "PHP", 0, 0, 0, 0, 2, 0, 0, 0, 0, 0, 5, 3, 10
"c:\Users\Eetu\OneDrive - Hyria koulutus Oy\Documents\GitHub\riffhub\vendor\phpmailer\phpmailer\test\Fixtures\LocalizationTest\phpmailer.lang-xb_scri.php", "PHP", 0, 0, 0, 0, 2, 0, 0, 0, 0, 0, 5, 3, 10
"c:\Users\Eetu\OneDrive - Hyria koulutus Oy\Documents\GitHub\riffhub\vendor\phpmailer\phpmailer\test\Fixtures\LocalizationTest\phpmailer.lang-xc_cc.php", "PHP", 0, 0, 0, 0, 2, 0, 0, 0, 0, 0, 5, 3, 10
"c:\Users\Eetu\OneDrive - Hyria koulutus Oy\Documents\GitHub\riffhub\vendor\phpmailer\phpmailer\test\Fixtures\LocalizationTest\phpmailer.lang-xd_cc.php", "PHP", 0, 0, 0, 0, 2, 0, 0, 0, 0, 0, 5, 3, 10
"c:\Users\Eetu\OneDrive - Hyria koulutus Oy\Documents\GitHub\riffhub\vendor\phpmailer\phpmailer\test\Fixtures\LocalizationTest\phpmailer.lang-xd_scri.php", "PHP", 0, 0, 0, 0, 2, 0, 0, 0, 0, 0, 5, 3, 10
"c:\Users\Eetu\OneDrive - Hyria koulutus Oy\Documents\GitHub\riffhub\vendor\phpmailer\phpmailer\test\Fixtures\LocalizationTest\phpmailer.lang-xe.php", "PHP", 0, 0, 0, 0, 2, 0, 0, 0, 0, 0, 5, 3, 10
"c:\Users\Eetu\OneDrive - Hyria koulutus Oy\Documents\GitHub\riffhub\vendor\phpmailer\phpmailer\test\Fixtures\LocalizationTest\phpmailer.lang-xx.php", "PHP", 0, 0, 0, 0, 2, 0, 0, 0, 0, 0, 5, 3, 10
"c:\Users\Eetu\OneDrive - Hyria koulutus Oy\Documents\GitHub\riffhub\vendor\phpmailer\phpmailer\test\Fixtures\LocalizationTest\phpmailer.lang-yy.php", "PHP", 0, 0, 0, 0, 7, 0, 0, 0, 0, 0, 5, 5, 17
"c:\Users\Eetu\OneDrive - Hyria koulutus Oy\Documents\GitHub\riffhub\vendor\phpmailer\phpmailer\test\Fixtures\LocalizationTest\phpmailer.lang-yz.php", "PHP", 0, 0, 0, 0, 3, 0, 0, 0, 0, 0, 9, 3, 15
"c:\Users\Eetu\OneDrive - Hyria koulutus Oy\Documents\GitHub\riffhub\vendor\phpmailer\phpmailer\test\Fixtures\LocalizationTest\phpmailer.lang-zz.php", "PHP", 0, 0, 0, 0, 8, 0, 0, 0, 0, 0, 8, 5, 21
"c:\Users\Eetu\OneDrive - Hyria koulutus Oy\Documents\GitHub\riffhub\vendor\phpmailer\phpmailer\test\Language\TranslationCompletenessTest.php", "PHP", 0, 0, 0, 0, 51, 0, 0, 0, 0, 0, 36, 11, 98
"c:\Users\Eetu\OneDrive - Hyria koulutus Oy\Documents\GitHub\riffhub\vendor\phpmailer\phpmailer\test\OAuth\OAuthTest.php", "PHP", 0, 0, 0, 0, 48, 0, 0, 0, 0, 0, 21, 8, 77
"c:\Users\Eetu\OneDrive - Hyria koulutus Oy\Documents\GitHub\riffhub\vendor\phpmailer\phpmailer\test\PHPMailer\AddEmbeddedImageTest.php", "PHP", 0, 0, 0, 0, 104, 0, 0, 0, 0, 0, 53, 22, 179
"c:\Users\Eetu\OneDrive - Hyria koulutus Oy\Documents\GitHub\riffhub\vendor\phpmailer\phpmailer\test\PHPMailer\AddStringAttachmentTest.php", "PHP", 0, 0, 0, 0, 80, 0, 0, 0, 0, 0, 48, 20, 148
"c:\Users\Eetu\OneDrive - Hyria koulutus Oy\Documents\GitHub\riffhub\vendor\phpmailer\phpmailer\test\PHPMailer\AddStringEmbeddedImageTest.php", "PHP", 0, 0, 0, 0, 95, 0, 0, 0, 0, 0, 47, 20, 162
"c:\Users\Eetu\OneDrive - Hyria koulutus Oy\Documents\GitHub\riffhub\vendor\phpmailer\phpmailer\test\PHPMailer\AddrFormatTest.php", "PHP", 0, 0, 0, 0, 36, 0, 0, 0, 0, 0, 29, 6, 71
"c:\Users\Eetu\OneDrive - Hyria koulutus Oy\Documents\GitHub\riffhub\vendor\phpmailer\phpmailer\test\PHPMailer\AuthCRAMMD5Test.php", "PHP", 0, 0, 0, 0, 25, 0, 0, 0, 0, 0, 18, 6, 49
"c:\Users\Eetu\OneDrive - Hyria koulutus Oy\Documents\GitHub\riffhub\vendor\phpmailer\phpmailer\test\PHPMailer\CustomHeaderTest.php", "PHP", 0, 0, 0, 0, 184, 0, 0, 0, 0, 0, 77, 25, 286
"c:\Users\Eetu\OneDrive - Hyria koulutus Oy\Documents\GitHub\riffhub\vendor\phpmailer\phpmailer\test\PHPMailer\DKIMTest.php", "PHP", 0, 0, 0, 0, 148, 0, 0, 0, 0, 0, 79, 33, 260
"c:\Users\Eetu\OneDrive - Hyria koulutus Oy\Documents\GitHub\riffhub\vendor\phpmailer\phpmailer\test\PHPMailer\DKIMWithoutExceptionsTest.php", "PHP", 0, 0, 0, 0, 16, 0, 0, 0, 0, 0, 25, 7, 48
"c:\Users\Eetu\OneDrive - Hyria koulutus Oy\Documents\GitHub\riffhub\vendor\phpmailer\phpmailer\test\PHPMailer\DSNConfiguratorTest.php", "PHP", 0, 0, 0, 0, 120, 0, 0, 0, 0, 0, 54, 48, 222
"c:\Users\Eetu\OneDrive - Hyria koulutus Oy\Documents\GitHub\riffhub\vendor\phpmailer\phpmailer\test\PHPMailer\EncodeQTest.php", "PHP", 0, 0, 0, 0, 73, 0, 0, 0, 0, 0, 30, 8, 111
"c:\Users\Eetu\OneDrive - Hyria koulutus Oy\Documents\GitHub\riffhub\vendor\phpmailer\phpmailer\test\PHPMailer\EncodeStringTest.php", "PHP", 0, 0, 0, 0, 84, 0, 0, 0, 0, 0, 40, 12, 136
"c:\Users\Eetu\OneDrive - Hyria koulutus Oy\Documents\GitHub\riffhub\vendor\phpmailer\phpmailer\test\PHPMailer\FileIsAccessibleTest.php", "PHP", 0, 0, 0, 0, 53, 0, 0, 0, 0, 0, 38, 13, 104
"c:\Users\Eetu\OneDrive - Hyria koulutus Oy\Documents\GitHub\riffhub\vendor\phpmailer\phpmailer\test\PHPMailer\FilenameToTypeTest.php", "PHP", 0, 0, 0, 0, 41, 0, 0, 0, 0, 0, 28, 6, 75
"c:\Users\Eetu\OneDrive - Hyria koulutus Oy\Documents\GitHub\riffhub\vendor\phpmailer\phpmailer\test\PHPMailer\GenerateIdTest.php", "PHP", 0, 0, 0, 0, 38, 0, 0, 0, 0, 0, 30, 8, 76
"c:\Users\Eetu\OneDrive - Hyria koulutus Oy\Documents\GitHub\riffhub\vendor\phpmailer\phpmailer\test\PHPMailer\GetLastMessageIDTest.php", "PHP", 0, 0, 0, 0, 57, 0, 0, 0, 0, 0, 43, 11, 111
"c:\Users\Eetu\OneDrive - Hyria koulutus Oy\Documents\GitHub\riffhub\vendor\phpmailer\phpmailer\test\PHPMailer\HasLineLongerThanMaxTest.php", "PHP", 0, 0, 0, 0, 107, 0, 0, 0, 0, 0, 37, 15, 159
"c:\Users\Eetu\OneDrive - Hyria koulutus Oy\Documents\GitHub\riffhub\vendor\phpmailer\phpmailer\test\PHPMailer\Html2TextTest.php", "PHP", 0, 0, 0, 0, 165, 0, 0, 0, 0, 0, 55, 12, 232
"c:\Users\Eetu\OneDrive - Hyria koulutus Oy\Documents\GitHub\riffhub\vendor\phpmailer\phpmailer\test\PHPMailer\ICalTest.php", "PHP", 0, 0, 0, 0, 90, 0, 0, 0, 0, 0, 29, 8, 127
"c:\Users\Eetu\OneDrive - Hyria koulutus Oy\Documents\GitHub\riffhub\vendor\phpmailer\phpmailer\test\PHPMailer\IsPermittedPathTest.php", "PHP", 0, 0, 0, 0, 73, 0, 0, 0, 0, 0, 28, 8, 109
"c:\Users\Eetu\OneDrive - Hyria koulutus Oy\Documents\GitHub\riffhub\vendor\phpmailer\phpmailer\test\PHPMailer\IsValidHostTest.php", "PHP", 0, 0, 0, 0, 61, 0, 0, 0, 0, 0, 39, 8, 108
"c:\Users\Eetu\OneDrive - Hyria koulutus Oy\Documents\GitHub\riffhub\vendor\phpmailer\phpmailer\test\PHPMailer\LocalizationTest.php", "PHP", 0, 0, 0, 0, 346, 0, 0, 0, 0, 0, 116, 44, 506
"c:\Users\Eetu\OneDrive - Hyria koulutus Oy\Documents\GitHub\riffhub\vendor\phpmailer\phpmailer\test\PHPMailer\MailTransportTest.php", "PHP", 0, 0, 0, 0, 63, 0, 0, 0, 0, 0, 30, 16, 109
"c:\Users\Eetu\OneDrive - Hyria koulutus Oy\Documents\GitHub\riffhub\vendor\phpmailer\phpmailer\test\PHPMailer\MbPathinfoTest.php", "PHP", 0, 0, 0, 0, 123, 0, 0, 0, 0, 0, 41, 8, 172
"c:\Users\Eetu\OneDrive - Hyria koulutus Oy\Documents\GitHub\riffhub\vendor\phpmailer\phpmailer\test\PHPMailer\MimeTypesTest.php", "PHP", 0, 0, 0, 0, 37, 0, 0, 0, 0, 0, 28, 6, 71
"c:\Users\Eetu\OneDrive - Hyria koulutus Oy\Documents\GitHub\riffhub\vendor\phpmailer\phpmailer\test\PHPMailer\NormalizeBreaksTest.php", "PHP", 0, 0, 0, 0, 65, 0, 0, 0, 0, 0, 36, 11, 112
"c:\Users\Eetu\OneDrive - Hyria koulutus Oy\Documents\GitHub\riffhub\vendor\phpmailer\phpmailer\test\PHPMailer\PHPMailerTest.php", "PHP", 0, 0, 0, 0, 971, 0, 0, 0, 0, 0, 242, 149, 1362
"c:\Users\Eetu\OneDrive - Hyria koulutus Oy\Documents\GitHub\riffhub\vendor\phpmailer\phpmailer\test\PHPMailer\ParseAddressesTest.php", "PHP", 0, 0, 0, 0, 213, 0, 0, 0, 0, 0, 91, 18, 322
"c:\Users\Eetu\OneDrive - Hyria koulutus Oy\Documents\GitHub\riffhub\vendor\phpmailer\phpmailer\test\PHPMailer\PunyencodeAddressTest.php", "PHP", 0, 0, 0, 0, 80, 0, 0, 0, 0, 0, 50, 12, 142
"c:\Users\Eetu\OneDrive - Hyria koulutus Oy\Documents\GitHub\riffhub\vendor\phpmailer\phpmailer\test\PHPMailer\QuotedStringTest.php", "PHP", 0, 0, 0, 0, 37, 0, 0, 0, 0, 0, 28, 6, 71
"c:\Users\Eetu\OneDrive - Hyria koulutus Oy\Documents\GitHub\riffhub\vendor\phpmailer\phpmailer\test\PHPMailer\ReplyToGetSetClearTest.php", "PHP", 0, 0, 0, 0, 271, 0, 0, 0, 0, 0, 132, 42, 445
"c:\Users\Eetu\OneDrive - Hyria koulutus Oy\Documents\GitHub\riffhub\vendor\phpmailer\phpmailer\test\PHPMailer\SetErrorTest.php", "PHP", 0, 0, 0, 0, 89, 0, 0, 0, 0, 0, 47, 19, 155
"c:\Users\Eetu\OneDrive - Hyria koulutus Oy\Documents\GitHub\riffhub\vendor\phpmailer\phpmailer\test\PHPMailer\SetFromTest.php", "PHP", 0, 0, 0, 0, 121, 0, 0, 0, 0, 0, 62, 20, 203
"c:\Users\Eetu\OneDrive - Hyria koulutus Oy\Documents\GitHub\riffhub\vendor\phpmailer\phpmailer\test\PHPMailer\SetTest.php", "PHP", 0, 0, 0, 0, 37, 0, 0, 0, 0, 0, 36, 9, 82
"c:\Users\Eetu\OneDrive - Hyria koulutus Oy\Documents\GitHub\riffhub\vendor\phpmailer\phpmailer\test\PHPMailer\SetWordWrapTest.php", "PHP", 0, 0, 0, 0, 73, 0, 0, 0, 0, 0, 33, 15, 121
"c:\Users\Eetu\OneDrive - Hyria koulutus Oy\Documents\GitHub\riffhub\vendor\phpmailer\phpmailer\test\PHPMailer\Utf8CharBoundaryTest.php", "PHP", 0, 0, 0, 0, 30, 0, 0, 0, 0, 0, 31, 6, 67
"c:\Users\Eetu\OneDrive - Hyria koulutus Oy\Documents\GitHub\riffhub\vendor\phpmailer\phpmailer\test\PHPMailer\ValidateAddressCustomValidatorTest.php", "PHP", 0, 0, 0, 0, 58, 0, 0, 0, 0, 0, 45, 14, 117
"c:\Users\Eetu\OneDrive - Hyria koulutus Oy\Documents\GitHub\riffhub\vendor\phpmailer\phpmailer\test\PHPMailer\ValidateAddressTest.php", "PHP", 0, 0, 0, 0, 335, 0, 0, 0, 0, 0, 125, 26, 486
"c:\Users\Eetu\OneDrive - Hyria koulutus Oy\Documents\GitHub\riffhub\vendor\phpmailer\phpmailer\test\PHPMailer\WrapTextTest.php", "PHP", 0, 0, 0, 0, 90, 0, 0, 0, 0, 0, 30, 6, 126
"c:\Users\Eetu\OneDrive - Hyria koulutus Oy\Documents\GitHub\riffhub\vendor\phpmailer\phpmailer\test\PHPMailer\XMailerTest.php", "PHP", 0, 0, 0, 0, 42, 0, 0, 0, 0, 0, 28, 6, 76
"c:\Users\Eetu\OneDrive - Hyria koulutus Oy\Documents\GitHub\riffhub\vendor\phpmailer\phpmailer\test\POP3\PopBeforeSmtpTest.php", "PHP", 0, 0, 0, 0, 67, 0, 0, 0, 0, 0, 55, 18, 140
"c:\Users\Eetu\OneDrive - Hyria koulutus Oy\Documents\GitHub\riffhub\vendor\phpmailer\phpmailer\test\PreSendTestCase.php", "PHP", 0, 0, 0, 0, 16, 0, 0, 0, 0, 0, 25, 6, 47
"c:\Users\Eetu\OneDrive - Hyria koulutus Oy\Documents\GitHub\riffhub\vendor\phpmailer\phpmailer\test\Security\DenialOfServiceVectorsTest.php", "PHP", 0, 0, 0, 0, 18, 0, 0, 0, 0, 0, 28, 7, 53
"c:\Users\Eetu\OneDrive - Hyria koulutus Oy\Documents\GitHub\riffhub\vendor\phpmailer\phpmailer\test\SendTestCase.php", "PHP", 0, 0, 0, 0, 56, 0, 0, 0, 0, 0, 58, 13, 127
"c:\Users\Eetu\OneDrive - Hyria koulutus Oy\Documents\GitHub\riffhub\vendor\phpmailer\phpmailer\test\TestCase.php", "PHP", 0, 0, 0, 0, 206, 0, 0, 0, 0, 0, 138, 49, 393
"c:\Users\Eetu\OneDrive - Hyria koulutus Oy\Documents\GitHub\riffhub\vendor\phpmailer\phpmailer\test\fakepopserver.sh", "Shell Script", 0, 0, 0, 0, 0, 0, 94, 0, 0, 0, 13, 20, 127
"c:\Users\Eetu\OneDrive - Hyria koulutus Oy\Documents\GitHub\riffhub\vendor\phpmailer\phpmailer\test\fakesendmail.sh", "Shell Script", 0, 0, 0, 0, 0, 0, 15, 0, 0, 0, 4, 4, 23
"c:\Users\Eetu\OneDrive - Hyria koulutus Oy\Documents\GitHub\riffhub\vendor\phpmailer\phpmailer\test\runfakepopserver.sh", "Shell Script", 0, 0, 0, 0, 0, 0, 5, 0, 0, 0, 4, 4, 13
"c:\Users\Eetu\OneDrive - Hyria koulutus Oy\Documents\GitHub\riffhub\vendor\phpmailer\phpmailer\test\testbootstrap-dist.php", "PHP", 0, 0, 0, 0, 7, 0, 0, 0, 0, 0, 0, 2, 9
"c:\Users\Eetu\OneDrive - Hyria koulutus Oy\Documents\GitHub\riffhub\vendor\phpmailer\phpmailer\test\validators.php", "PHP", 0, 0, 0, 0, 9, 0, 0, 0, 0, 0, 1, 3, 13
"Total", "-", 289, 329, 61, 29, 11598, 276, 116, 1365, 229, 9, 6545, 2466, 23312